,C.V,Kappa1,Kappa2,Kappa3,Kappa4,Lifetime Reproduction
1,0.5,4.84E-08,-5.14E-05,0.017896089,-0.659661355,-22990.06319