,C.V,Kappa1,Kappa2,Kappa3,Kappa4,Lifetime Reproduction
1,1,5.89E-09,-8.65E-06,0.003575524,0.394274603,-22108.13022